year,month,temperature
1850,2,-0.202
1850,3,-0.367
1850,4,-0.596
1850,5,-0.619
1850,6,-0.332
1850,7,-0.151
1850,8,-0.149
1850,9,-0.416
1850,10,-0.59
1850,11,-0.572
1850,12,-0.481
1851,1,-0.159
1851,2,-0.402
1851,3,-0.55
1851,4,-0.626
1851,5,-0.326
1851,6,-0.24
1851,7,-0.198
1851,8,-0.295
1851,9,-0.387
1851,10,-0.144
1851,11,-0.377
1851,12,-0.145
1852,1,-0.239
1852,2,-0.506
1852,3,-0.725
1852,4,-0.526
1852,5,-0.146
1852,6,-0.099
1852,7,-0.02
1852,8,-0.336
1852,9,-0.299
1852,10,-0.162
1852,11,-0.536
1852,12,0.087
1853,1,-0.266
1853,2,-0.346
1853,3,-0.396
1853,4,-0.273
1853,5,-0.263
1853,6,-0.16
1853,7,0.05
1853,8,-0.043
1853,9,-0.393
1853,10,-0.47
1853,11,-0.65
1853,12,-0.324
1854,1,-0.547
1854,2,-0.584
1854,3,-0.276
1854,4,-0.349
1854,5,-0.278
1854,6,-0.456
1854,7,-0.156
1854,8,-0.182
1854,9,-0.248
1854,10,0.115
1854,11,-0.236
1854,12,-0.203
1855,1,-0.05
1855,2,-0.105
1855,3,-0.262
1855,4,-0.082
1855,5,-0.221
1855,6,-0.324
1855,7,-0.359
1855,8,-0.235
1855,9,-0.468
1855,10,-0.306
1855,11,-0.387
1855,12,-0.54
1856,1,0.034
1856,2,-0.386
1856,3,-0.406
1856,4,-0.406
1856,5,-0.334
1856,6,-0.121
1856,7,-0.236
1856,8,-0.512
1856,9,-0.711
1856,10,-0.677
1856,11,-0.575
1856,12,-0.426
1857,1,-0.507
1857,2,-0.542
1857,3,-0.629
1857,4,-0.815
1857,5,-0.751
1857,6,-0.546
1857,7,-0.487
1857,8,-0.446
1857,9,-0.477
1857,10,-0.529
1857,11,-0.502
1857,12,-0.223
1858,1,-0.21
1858,2,-0.489
1858,3,-0.307
1858,4,-0.279
1858,5,-0.406
1858,6,-0.255
1858,7,-0.313
1858,8,-0.317
1858,9,-0.482
1858,10,-0.282
1858,11,-0.178
1858,12,-0.492
1859,1,-0.348
1859,2,-0.294
1859,3,-0.24
1859,4,0.011
1859,5,0.017
1859,6,-0.112
1859,7,-0.308
1859,8,-0.349
1859,9,-0.522
1859,10,-0.241
1859,11,-0.192
1859,12,-0.089
1860,1,-0.328
1860,2,-0.31
1860,3,-0.694
1860,4,-0.278
1860,5,-0.217
1860,6,-0.199
1860,7,-0.26
1860,8,-0.209
1860,9,-0.294
1860,10,-0.354
1860,11,-0.533
1860,12,-0.861
1861,1,-1.004
1861,2,-0.658
1861,3,-0.583
1861,4,-0.438
1861,5,-0.448
1861,6,-0.369
1861,7,-0.313
1861,8,-0.199
1861,9,-0.412
1861,10,-0.475
1861,11,-0.216
1861,12,-0.351
1862,1,-0.918
1862,2,-0.766
1862,3,-0.545
1862,4,-0.568
1862,5,-0.294
1862,6,-0.315
1862,7,-0.33
1862,8,-0.491
1862,9,-0.543
1862,10,-0.46
1862,11,-0.556
1862,12,-0.862
1863,1,-0.117
1863,2,-0.133
1863,3,-0.334
1863,4,-0.26
1863,5,-0.223
1863,6,-0.339
1863,7,-0.357
1863,8,-0.373
1863,9,-0.498
1863,10,-0.452
1863,11,-0.374
1863,12,-0.293
1864,1,-0.491
1864,2,-0.403
1864,3,-0.426
1864,4,-0.402
1864,5,-0.131
1864,6,-0.089
1864,7,-0.187
1864,8,-0.338
1864,9,-0.488
1864,10,-0.343
1864,11,-0.389
1864,12,-0.456
1865,1,0.075
1865,2,-0.305
1865,3,-0.416
1865,4,-0.382
1865,5,-0.269
1865,6,-0.263
1865,7,-0.187
1865,8,-0.194
1865,9,-0.222
1865,10,-0.205
1865,11,-0.169
1865,12,-0.479
1866,1,0.025
1866,2,-0.359
1866,3,-0.454
1866,4,-0.511
1866,5,-0.352
1866,6,-0.251
1866,7,0.111
1866,8,-0.224
1866,9,-0.307
1866,10,-0.248
1866,11,-0.051
1866,12,0.089
1867,1,-0.153
1867,2,-0.333
1867,3,-0.285
1867,4,-0.139
1867,5,-0.387
1867,6,-0.202
1867,7,-0.192
1867,8,-0.269
1867,9,-0.143
1867,10,0.018
1867,11,0.25
1867,12,-0.162
1868,1,-0.504
1868,2,-0.651
1868,3,-0.31
1868,4,-0.119
1868,5,-0.085
1868,6,-0.123
1868,7,0.054
1868,8,-0.062
1868,9,-0.258
1868,10,0.001
1868,11,-0.326
1868,12,-0.143
1869,1,-0.212
1869,2,0.04
1869,3,-0.517
1869,4,-0.259
1869,5,-0.166
1869,6,-0.18
1869,7,-0.231
1869,8,-0.185
1869,9,-0.083
1869,10,-0.213
1869,11,-0.195
1869,12,-0.412
1870,1,-0.304
1870,2,-0.483
1870,3,-0.34
1870,4,-0.271
1870,5,-0.193
1870,6,-0.087
1870,7,-0.087
1870,8,-0.276
1870,9,-0.199
1870,10,-0.321
1870,11,-0.323
1870,12,-0.569
1871,1,-0.545
1871,2,-0.605
1871,3,-0.259
1871,4,-0.059
1871,5,-0.276
1871,6,-0.215
1871,7,-0.147
1871,8,-0.188
1871,9,-0.395
1871,10,-0.242
1871,11,-0.536
1871,12,-0.388
1872,1,-0.45
1872,2,-0.401
1872,3,-0.347
1872,4,-0.352
1872,5,-0.177
1872,6,-0.256
1872,7,-0.107
1872,8,-0.035
1872,9,-0.187
1872,10,-0.198
1872,11,-0.421
1872,12,-0.486
1873,1,-0.305
1873,2,-0.077
1873,3,-0.263
1873,4,-0.451
1873,5,-0.266
1873,6,-0.201
1873,7,-0.168
1873,8,-0.144
1873,9,-0.372
1873,10,-0.237
1873,11,-0.339
1873,12,-0.224
1874,1,-0.211
1874,2,-0.263
1874,3,-0.624
1874,4,-0.355
1874,5,-0.211
1874,6,-0.314
1874,7,-0.257
1874,8,-0.175
1874,9,-0.167
1874,10,-0.311
1874,11,-0.419
1874,12,-0.312
1875,1,-0.465
1875,2,-0.362
1875,3,-0.445
1875,4,-0.374
1875,5,-0.273
1875,6,-0.269
1875,7,-0.212
1875,8,-0.257
1875,9,-0.277
1875,10,-0.188
1875,11,-0.573
1875,12,-0.46
1876,1,-0.372
1876,2,-0.265
1876,3,-0.286
1876,4,-0.272
1876,5,-0.522
1876,6,-0.329
1876,7,-0.166
1876,8,-0.308
1876,9,-0.35
1876,10,-0.261
1876,11,-0.484
1876,12,-0.579
1877,1,-0.25
1877,2,-0.088
1877,3,0.055
1877,4,-0.119
1877,5,-0.045
1877,6,-0.059
1877,7,0.132
1877,8,0.23
1877,9,0.161
1877,10,0.189
1877,11,0.212
1877,12,-0.081
1878,1,-0.004
1878,2,0.42
1878,3,0.576
1878,4,0.31
1878,5,-0.053
1878,6,0.114
1878,7,0.135
1878,8,0.082
1878,9,-0.011
1878,10,-0.046
1878,11,0.024
1878,12,-0.118
1879,1,-0.117
1879,2,-0.224
1879,3,-0.072
1879,4,-0.295
1879,5,-0.256
1879,6,-0.2
1879,7,-0.218
1879,8,-0.246
1879,9,-0.308
1879,10,-0.09
1879,11,-0.285
1879,12,-0.487
1880,1,-0.386
1880,2,-0.497
1880,3,-0.272
1880,4,-0.338
1880,5,-0.225
1880,6,-0.311
1880,7,-0.27
1880,8,-0.19
1880,9,-0.377
1880,10,-0.313
1880,11,-0.179
1880,12,-0.232
1881,1,-0.083
1881,2,-0.185
1881,3,-0.063
1881,4,-0.005
1881,5,-0.066
1881,6,-0.347
1881,7,-0.151
1881,8,-0.139
1881,9,-0.308
1881,10,-0.251
1881,11,-0.387
1881,12,-0.213
1882,1,0.093
1882,2,0.014
1882,3,-0.106
1882,4,-0.282
1882,5,-0.257
1882,6,-0.349
1882,7,-0.356
1882,8,-0.201
1882,9,-0.203
1882,10,-0.352
1882,11,-0.444
1882,12,-0.567
1883,1,-0.399
1883,2,-0.427
1883,3,-0.092
1883,4,-0.319
1883,5,-0.234
1883,6,-0.13
1883,7,-0.272
1883,8,-0.35
1883,9,-0.368
1883,10,-0.285
1883,11,-0.504
1883,12,-0.274
1884,1,-0.241
1884,2,-0.193
1884,3,-0.495
1884,4,-0.549
1884,5,-0.58
1884,6,-0.52
1884,7,-0.551
1884,8,-0.471
1884,9,-0.531
1884,10,-0.475
1884,11,-0.606
1884,12,-0.446
1885,1,-0.673
1885,2,-0.471
1885,3,-0.371
1885,4,-0.518
1885,5,-0.541
1885,6,-0.578
1885,7,-0.354
1885,8,-0.435
1885,9,-0.432
1885,10,-0.33
1885,11,-0.406
1885,12,-0.168
1886,1,-0.628
1886,2,-0.627
1886,3,-0.535
1886,4,-0.398
1886,5,-0.322
1886,6,-0.468
1886,7,-0.276
1886,8,-0.434
1886,9,-0.488
1886,10,-0.458
1886,11,-0.563
1886,12,-0.376
1887,1,-0.938
1887,2,-0.701
1887,3,-0.471
1887,4,-0.378
1887,5,-0.464
1887,6,-0.492
1887,7,-0.351
1887,8,-0.545
1887,9,-0.398
1887,10,-0.429
1887,11,-0.419
1887,12,-0.423
1888,1,-0.346
1888,2,-0.513
1888,3,-0.446
1888,4,-0.376
1888,5,-0.351
1888,6,-0.321
1888,7,-0.243
1888,8,-0.27
1888,9,-0.294
1888,10,-0.092
1888,11,-0.164
1888,12,-0.116
1889,1,-0.121
1889,2,0.223
1889,3,0.046
1889,4,0.062
1889,5,-0.153
1889,6,-0.196
1889,7,-0.161
1889,8,-0.289
1889,9,-0.353
1889,10,-0.301
1889,11,-0.495
1889,12,-0.333
1890,1,-0.447
1890,2,-0.427
1890,3,-0.56
1890,4,-0.418
1890,5,-0.5
1890,6,-0.477
1890,7,-0.439
1890,8,-0.474
1890,9,-0.461
1890,10,-0.29
1890,11,-0.672
1890,12,-0.373
1891,1,-0.482
1891,2,-0.589
1891,3,-0.221
1891,4,-0.365
1891,5,-0.264
1891,6,-0.363
1891,7,-0.337
1891,8,-0.296
1891,9,-0.27
1891,10,-0.34
1891,11,-0.507
1891,12,-0.106
1892,1,-0.275
1892,2,-0.175
1892,3,-0.437
1892,4,-0.486
1892,5,-0.398
1892,6,-0.285
1892,7,-0.459
1892,8,-0.44
1892,9,-0.399
1892,10,-0.264
1892,11,-0.754
1892,12,-0.5
1893,1,-0.894
1893,2,-0.617
1893,3,-0.288
1893,4,-0.352
1893,5,-0.383
1893,6,-0.298
1893,7,-0.17
1893,8,-0.268
1893,9,-0.349
1893,10,-0.22
1893,11,-0.33
1893,12,-0.401
1894,1,-0.533
1894,2,-0.414
1894,3,-0.317
1894,4,-0.516
1894,5,-0.394
1894,6,-0.452
1894,7,-0.277
1894,8,-0.281
1894,9,-0.346
1894,10,-0.222
1894,11,-0.418
1894,12,-0.328
1895,1,-0.476
1895,2,-0.462
1895,3,-0.429
1895,4,-0.284
1895,5,-0.324
1895,6,-0.278
1895,7,-0.219
1895,8,-0.3
1895,9,-0.333
1895,10,-0.236
1895,11,-0.221
1895,12,-0.21
1896,1,-0.231
1896,2,-0.27
1896,3,-0.459
1896,4,-0.491
1896,5,-0.27
1896,6,-0.129
1896,7,-0.099
1896,8,-0.115
1896,9,-0.188
1896,10,-0.041
1896,11,-0.293
1896,12,-0.117
1897,1,-0.19
1897,2,-0.293
1897,3,-0.301
1897,4,-0.064
1897,5,-0.006
1897,6,-0.168
1897,7,-0.195
1897,8,-0.214
1897,9,-0.258
1897,10,-0.209
1897,11,-0.344
1897,12,-0.272
1898,1,-0.17
1898,2,-0.498
1898,3,-0.625
1898,4,-0.403
1898,5,-0.399
1898,6,-0.228
1898,7,-0.351
1898,8,-0.374
1898,9,-0.411
1898,10,-0.493
1898,11,-0.57
1898,12,-0.42
1899,1,-0.229
1899,2,-0.494
1899,3,-0.434
1899,4,-0.213
1899,5,-0.21
1899,6,-0.37
1899,7,-0.279
1899,8,-0.175
1899,9,-0.122
1899,10,-0.089
1899,11,0.001
1899,12,-0.288
1900,1,-0.419
1900,2,-0.019
1900,3,0.031
1900,4,-0.121
1900,5,-0.072
1900,6,-0.15
1900,7,-0.188
1900,8,-0.181
1900,9,-0.147
1900,10,0.029
1900,11,-0.234
1900,12,-0.144
1901,1,-0.294
1901,2,-0.104
1901,3,-0.029
1901,4,-0.042
1901,5,-0.168
1901,6,-0.233
1901,7,-0.274
1901,8,-0.204
1901,9,-0.295
1901,10,-0.3
1901,11,-0.322
1901,12,-0.273
1902,1,-0.297
1902,2,-0.08
1902,3,-0.393
1902,4,-0.329
1902,5,-0.388
1902,6,-0.356
1902,7,-0.324
1902,8,-0.363
1902,9,-0.384
1902,10,-0.434
1902,11,-0.583
1902,12,-0.532
1903,1,-0.274
1903,2,-0.166
1903,3,-0.303
1903,4,-0.5
1903,5,-0.469
1903,6,-0.56
1903,7,-0.482
1903,8,-0.579
1903,9,-0.631
1903,10,-0.573
1903,11,-0.575
1903,12,-0.545
1904,1,-0.674
1904,2,-0.674
1904,3,-0.506
1904,4,-0.546
1904,5,-0.549
1904,6,-0.523
1904,7,-0.551
1904,8,-0.521
1904,9,-0.619
1904,10,-0.504
1904,11,-0.3
1904,12,-0.352
1905,1,-0.351
1905,2,-0.622
1905,3,-0.316
1905,4,-0.38
1905,5,-0.299
1905,6,-0.335
1905,7,-0.372
1905,8,-0.294
1905,9,-0.359
1905,10,-0.326
1905,11,-0.196
1905,12,-0.277
1906,1,-0.343
1906,2,-0.322
1906,3,-0.125
1906,4,-0.035
1906,5,-0.294
1906,6,-0.263
1906,7,-0.345
1906,8,-0.29
1906,9,-0.345
1906,10,-0.186
1906,11,-0.413
1906,12,-0.176
1907,1,-0.419
1907,2,-0.562
1907,3,-0.282
1907,4,-0.344
1907,5,-0.518
1907,6,-0.484
1907,7,-0.429
1907,8,-0.443
1907,9,-0.418
1907,10,-0.243
1907,11,-0.563
1907,12,-0.475
1908,1,-0.42
1908,2,-0.281
1908,3,-0.603
1908,4,-0.486
1908,5,-0.3
1908,6,-0.333
1908,7,-0.377
1908,8,-0.499
1908,9,-0.378
1908,10,-0.488
1908,11,-0.677
1908,12,-0.573
1909,1,-0.776
1909,2,-0.492
1909,3,-0.569
1909,4,-0.558
1909,5,-0.514
1909,6,-0.495
1909,7,-0.529
1909,8,-0.362
1909,9,-0.49
1909,10,-0.459
1909,11,-0.423
1909,12,-0.495
1910,1,-0.389
1910,2,-0.471
1910,3,-0.536
1910,4,-0.437
1910,5,-0.352
1910,6,-0.419
1910,7,-0.434
1910,8,-0.417
1910,9,-0.444
1910,10,-0.4
1910,11,-0.635
1910,12,-0.743
1911,1,-0.681
1911,2,-0.642
1911,3,-0.616
1911,4,-0.495
1911,5,-0.528
1911,6,-0.513
1911,7,-0.492
1911,8,-0.476
1911,9,-0.498
1911,10,-0.261
1911,11,-0.324
1911,12,-0.274
1912,1,-0.232
1912,2,-0.194
1912,3,-0.432
1912,4,-0.165
1912,5,-0.247
1912,6,-0.22
1912,7,-0.513
1912,8,-0.582
1912,9,-0.663
1912,10,-0.644
1912,11,-0.499
1912,12,-0.503
1913,1,-0.532
1913,2,-0.49
1913,3,-0.438
1913,4,-0.337
1913,5,-0.412
1913,6,-0.481
1913,7,-0.429
1913,8,-0.351
1913,9,-0.422
1913,10,-0.358
1913,11,-0.309
1913,12,-0.003
1914,1,-0.0
1914,2,-0.236
1914,3,-0.324
1914,4,-0.31
1914,5,-0.212
1914,6,-0.234
1914,7,-0.292
1914,8,-0.212
1914,9,-0.27
1914,10,-0.027
1914,11,-0.189
1914,12,-0.036
1915,1,-0.235
1915,2,-0.12
1915,3,-0.02
1915,4,0.089
1915,5,0.021
1915,6,-0.192
1915,7,-0.207
1915,8,-0.121
1915,9,-0.213
1915,10,-0.292
1915,11,-0.135
1915,12,-0.269
1916,1,-0.191
1916,2,-0.164
1916,3,-0.267
1916,4,-0.325
1916,5,-0.326
1916,6,-0.382
1916,7,-0.357
1916,8,-0.362
1916,9,-0.403
1916,10,-0.395
1916,11,-0.546
1916,12,-0.803
1917,1,-0.669
1917,2,-0.658
1917,3,-0.675
1917,4,-0.514
1917,5,-0.568
1917,6,-0.499
1917,7,-0.293
1917,8,-0.324
1917,9,-0.371
1917,10,-0.509
1917,11,-0.485
1917,12,-0.73
1918,1,-0.519
1918,2,-0.507
1918,3,-0.413
1918,4,-0.509
1918,5,-0.473
1918,6,-0.376
1918,7,-0.368
1918,8,-0.404
1918,9,-0.218
1918,10,-0.039
1918,11,-0.206
1918,12,-0.283
1919,1,-0.191
1919,2,-0.208
1919,3,-0.263
1919,4,-0.097
1919,5,-0.229
1919,6,-0.327
1919,7,-0.327
1919,8,-0.286
1919,9,-0.357
1919,10,-0.286
1919,11,-0.564
1919,12,-0.404
1920,1,-0.166
1920,2,-0.326
1920,3,-0.088
1920,4,-0.17
1920,5,-0.235
1920,6,-0.253
1920,7,-0.266
1920,8,-0.248
1920,9,-0.216
1920,10,-0.147
1920,11,-0.291
1920,12,-0.48
1921,1,-0.118
1921,2,-0.192
1921,3,-0.289
1921,4,-0.274
1921,5,-0.306
1921,6,-0.15
1921,7,-0.15
1921,8,-0.282
1921,9,-0.167
1921,10,-0.045
1921,11,-0.136
1921,12,-0.112
1922,1,-0.27
1922,2,-0.386
1922,3,-0.128
1922,4,-0.116
1922,5,-0.362
1922,6,-0.264
1922,7,-0.226
1922,8,-0.366
1922,9,-0.37
1922,10,-0.349
1922,11,-0.253
1922,12,-0.164
1923,1,-0.284
1923,2,-0.392
1923,3,-0.362
1923,4,-0.278
1923,5,-0.283
1923,6,-0.216
1923,7,-0.37
1923,8,-0.322
1923,9,-0.345
1923,10,-0.033
1923,11,0.033
1923,12,0.015
1924,1,-0.252
1924,2,-0.236
1924,3,-0.05
1924,4,-0.261
1924,5,-0.152
1924,6,-0.229
1924,7,-0.255
1924,8,-0.315
1924,9,-0.333
1924,10,-0.321
1924,11,-0.216
1924,12,-0.347
1925,1,-0.414
1925,2,-0.449
1925,3,-0.25
1925,4,-0.237
1925,5,-0.165
1925,6,-0.265
1925,7,-0.281
1925,8,-0.159
1925,9,-0.214
1925,10,-0.142
1925,11,-0.021
1925,12,0.171
1926,1,0.237
1926,2,-0.003
1926,3,0.136
1926,4,-0.076
1926,5,-0.194
1926,6,-0.199
1926,7,-0.228
1926,8,-0.118
1926,9,-0.111
1926,10,0.015
1926,11,-0.054
1926,12,-0.216
1927,1,-0.236
1927,2,-0.169
1927,3,-0.375
1927,4,-0.231
1927,5,-0.173
1927,6,-0.263
1927,7,-0.203
1927,8,-0.174
1927,9,-0.124
1927,10,0.06
1927,11,-0.066
1927,12,-0.252
1928,1,0.115
1928,2,-0.019
1928,3,-0.216
1928,4,-0.187
1928,5,-0.291
1928,6,-0.376
1928,7,-0.201
1928,8,-0.232
1928,9,-0.269
1928,10,-0.148
1928,11,-0.136
1928,12,-0.141
1929,1,-0.407
1929,2,-0.528
1929,3,-0.399
1929,4,-0.371
1929,5,-0.427
1929,6,-0.427
1929,7,-0.438
1929,8,-0.29
1929,9,-0.266
1929,10,-0.128
1929,11,-0.139
1929,12,-0.489
1930,1,-0.216
1930,2,-0.278
1930,3,-0.112
1930,4,-0.197
1930,5,-0.212
1930,6,-0.205
1930,7,-0.146
1930,8,-0.119
1930,9,-0.13
1930,10,-0.06
1930,11,0.126
1930,12,-0.001
1931,1,-0.092
1931,2,-0.215
1931,3,-0.079
1931,4,-0.16
1931,5,-0.189
1931,6,-0.056
1931,7,-0.011
1931,8,-0.006
1931,9,-0.05
1931,10,0.079
1931,11,-0.04
1931,12,0.003
1932,1,0.115
1932,2,-0.17
1932,3,-0.102
1932,4,0.048
1932,5,-0.065
1932,6,-0.219
1932,7,-0.174
1932,8,-0.201
1932,9,-0.004
1932,10,-0.041
1932,11,-0.312
1932,12,-0.176
1933,1,-0.244
1933,2,-0.269
1933,3,-0.311
1933,4,-0.274
1933,5,-0.303
1933,6,-0.384
1933,7,-0.282
1933,8,-0.203
1933,9,-0.349
1933,10,-0.231
1933,11,-0.378
1933,12,-0.41
1934,1,-0.25
1934,2,-0.085
1934,3,-0.373
1934,4,-0.333
1934,5,-0.147
1934,6,-0.163
1934,7,-0.15
1934,8,-0.144
1934,9,-0.186
1934,10,-0.04
1934,11,0.053
1934,12,-0.033
1935,1,-0.357
1935,2,0.077
1935,3,-0.156
1935,4,-0.317
1935,5,-0.333
1935,6,-0.223
1935,7,-0.204
1935,8,-0.223
1935,9,-0.235
1935,10,-0.038
1935,11,-0.39
1935,12,-0.185
1936,1,-0.296
1936,2,-0.335
1936,3,-0.31
1936,4,-0.179
1936,5,-0.167
1936,6,-0.155
1936,7,-0.078
1936,8,-0.117
1936,9,-0.131
1936,10,0.042
1936,11,-0.074
1936,12,0.036
1937,1,-0.055
1937,2,0.072
1937,3,-0.154
1937,4,-0.096
1937,5,-0.04
1937,6,0.017
1937,7,0.018
1937,8,0.04
1937,9,0.118
1937,10,0.145
1937,11,0.075
1937,12,-0.019
1938,1,0.084
1938,2,0.08
1938,3,0.083
1938,4,0.057
1938,5,-0.095
1938,6,-0.131
1938,7,-0.071
1938,8,-0.023
1938,9,0.043
1938,10,0.213
1938,11,0.07
1938,12,-0.106
1939,1,-0.028
1939,2,-0.083
1939,3,-0.203
1939,4,-0.011
1939,5,0.076
1939,6,0.018
1939,7,-0.045
1939,8,-0.023
1939,9,-0.04
1939,10,-0.073
1939,11,-0.061
1939,12,0.429
1940,1,0.074
1940,2,0.114
1940,3,0.082
1940,4,0.13
1940,5,0.04
1940,6,0.022
1940,7,0.125
1940,8,0.062
1940,9,0.072
1940,10,0.049
1940,11,-0.056
1940,12,0.216
1941,1,-0.005
1941,2,0.133
1941,3,-0.06
1941,4,-0.024
1941,5,0.018
1941,6,0.051
1941,7,0.12
1941,8,-0.014
1941,9,-0.207
1941,10,0.219
1941,11,-0.024
1941,12,0.198
1942,1,0.349
1942,2,0.01
1942,3,0.083
1942,4,0.012
1942,5,0.078
1942,6,0.038
1942,7,-0.029
1942,8,-0.075
1942,9,-0.074
1942,10,0.021
1942,11,0.007
1942,12,0.109
1943,1,-0.041
1943,2,0.131
1943,3,-0.041
1943,4,0.134
1943,5,0.086
1943,6,-0.031
1943,7,0.081
1943,8,0.106
1943,9,0.024
1943,10,0.31
1943,11,0.156
1943,12,0.269
1944,1,0.39
1944,2,0.248
1944,3,0.258
1944,4,0.175
1944,5,0.169
1944,6,0.111
1944,7,0.178
1944,8,0.226
1944,9,0.187
1944,10,0.282
1944,11,0.069
1944,12,0.131
1945,1,0.109
1945,2,-0.016
1945,3,0.085
1945,4,0.22
1945,5,0.013
1945,6,0.003
1945,7,-0.01
1945,8,0.226
1945,9,0.101
1945,10,0.216
1945,11,0.001
1945,12,-0.065
1946,1,0.057
1946,2,-0.046
1946,3,0.03
1946,4,0.075
1946,5,-0.061
1946,6,-0.199
1946,7,-0.075
1946,8,-0.167
1946,9,-0.13
1946,10,-0.015
1946,11,-0.077
1946,12,-0.256
1947,1,0.002
1947,2,0.025
1947,3,0.128
1947,4,0.077
1947,5,-0.054
1947,6,-0.056
1947,7,-0.048
1947,8,-0.117
1947,9,-0.112
1947,10,0.118
1947,11,0.061
1947,12,-0.063
1948,1,0.08
1948,2,-0.16
1948,3,-0.217
1948,4,-0.089
1948,5,0.049
1948,6,0.031
1948,7,-0.109
1948,8,-0.06
1948,9,-0.157
1948,10,-0.035
1948,11,-0.198
1948,12,-0.297
1949,1,0.089
1949,2,-0.193
1949,3,-0.078
1949,4,-0.096
1949,5,-0.08
1949,6,-0.245
1949,7,-0.173
1949,8,-0.108
1949,9,-0.165
1949,10,-0.026
1949,11,-0.138
1949,12,-0.061
1950,1,-0.225
1950,2,-0.337
1950,3,-0.113
1950,4,-0.2
1950,5,-0.069
1950,6,-0.019
1950,7,-0.025
1950,8,-0.17
1950,9,-0.194
1950,10,-0.17
1950,11,-0.339
1950,12,-0.183
1951,1,-0.327
1951,2,-0.392
1951,3,-0.136
1951,4,-0.018
1951,5,0.128
1951,6,0.108
1951,7,0.059
1951,8,0.187
1951,9,0.098
1951,10,0.211
1951,11,0.007
1951,12,0.187
1952,1,0.193
1952,2,0.164
1952,3,-0.062
1952,4,0.099
1952,5,0.072
1952,6,0.096
1952,7,0.119
1952,8,0.116
1952,9,0.121
1952,10,0.069
1952,11,-0.098
1952,12,0.091
1953,1,0.098
1953,2,0.197
1953,3,0.104
1953,4,0.319
1953,5,0.257
1953,6,0.252
1953,7,0.132
1953,8,0.146
1953,9,0.116
1953,10,0.119
1953,11,-0.01
1953,12,0.137
1954,1,-0.204
1954,2,-0.056
1954,3,-0.086
1954,4,0.004
1954,5,-0.022
1954,6,-0.042
1954,7,-0.119
1954,8,-0.077
1954,9,-0.076
1954,10,0.095
1954,11,0.157
1954,12,-0.064
1955,1,0.217
1955,2,-0.129
1955,3,-0.261
1955,4,-0.124
1955,5,-0.174
1955,6,-0.05
1955,7,-0.1
1955,8,0.127
1955,9,-0.16
1955,10,0.01
1955,11,-0.243
1955,12,-0.232
1956,1,-0.07
1956,2,-0.152
1956,3,-0.221
1956,4,-0.22
1956,5,-0.262
1956,6,-0.135
1956,7,-0.103
1956,8,-0.303
1956,9,-0.225
1956,10,-0.279
1956,11,-0.174
1956,12,0.0
1957,1,-0.12
1957,2,-0.044
1957,3,-0.09
1957,4,0.047
1957,5,0.134
1957,6,0.195
1957,7,-0.028
1957,8,0.14
1957,9,0.077
1957,10,0.096
1957,11,0.054
1957,12,0.148
1958,1,0.358
1958,2,0.188
1958,3,0.115
1958,4,0.027
1958,5,0.069
1958,6,-0.068
1958,7,-0.018
1958,8,-0.075
1958,9,-0.117
1958,10,0.045
1958,11,0.052
1958,12,0.087
1959,1,0.112
1959,2,0.042
1959,3,0.141
1959,4,0.196
1959,5,0.103
1959,6,0.089
1959,7,0.024
1959,8,-0.002
1959,9,-0.108
1959,10,-0.014
1959,11,-0.137
1959,12,0.021
1960,1,-0.006
1960,2,0.108
1960,3,-0.335
1960,4,-0.139
1960,5,-0.057
1960,6,-0.005
1960,7,-0.052
1960,8,0.082
1960,9,0.062
1960,10,0.065
1960,11,-0.172
1960,12,0.222
1961,1,0.058
1961,2,0.173
1961,3,0.041
1961,4,0.155
1961,5,0.173
1961,6,0.129
1961,7,0.016
1961,8,0.011
1961,9,0.045
1961,10,-0.039
1961,11,0.013
1961,12,-0.121
1962,1,0.063
1962,2,0.115
1962,3,0.128
1962,4,0.051
1962,5,-0.115
1962,6,0.012
1962,7,-0.074
1962,8,-0.071
1962,9,-0.093
1962,10,-0.036
1962,11,0.002
1962,12,0.002
1963,1,0.002
1963,2,0.121
1963,3,-0.222
1963,4,-0.063
1963,5,-0.088
1963,6,-0.025
1963,7,0.065
1963,8,0.252
1963,9,0.176
1963,10,0.137
1963,11,0.111
1963,12,0.045
1964,1,-0.079
1964,2,-0.124
1964,3,-0.294
1964,4,-0.334
1964,5,-0.275
1964,6,-0.041
1964,7,-0.095
1964,8,-0.285
1964,9,-0.343
1964,10,-0.284
1964,11,-0.254
1964,12,-0.235
1965,1,-0.031
1965,2,-0.168
1965,3,-0.177
1965,4,-0.183
1965,5,-0.074
1965,6,-0.093
1965,7,-0.154
1965,8,-0.061
1965,9,-0.202
1965,10,-0.011
1965,11,-0.065
1965,12,-0.002
1966,1,-0.15
1966,2,-0.038
1966,3,-0.057
1966,4,-0.014
1966,5,-0.091
1966,6,0.006
1966,7,0.098
1966,8,-0.039
1966,9,0.003
1966,10,-0.158
1966,11,-0.027
1966,12,-0.003
1967,1,-0.083
1967,2,-0.227
1967,3,0.047
1967,4,0.012
1967,5,0.214
1967,6,-0.001
1967,7,0.025
1967,8,-0.005
1967,9,-0.037
1967,10,0.054
1967,11,-0.1
1967,12,-0.01
1968,1,-0.195
1968,2,-0.15
1968,3,0.111
1968,4,-0.04
1968,5,-0.116
1968,6,-0.066
1968,7,-0.181
1968,8,-0.117
1968,9,-0.227
1968,10,0.089
1968,11,-0.081
1968,12,-0.049
1969,1,-0.033
1969,2,-0.111
1969,3,-0.037
1969,4,0.178
1969,5,0.234
1969,6,0.12
1969,7,-0.084
1969,8,-0.002
1969,9,0.032
1969,10,0.078
1969,11,0.077
1969,12,0.29
1970,1,0.148
1970,2,0.169
1970,3,0.025
1970,4,0.071
1970,5,0.007
1970,6,-0.039
1970,7,-0.032
1970,8,-0.1
1970,9,0.084
1970,10,0.023
1970,11,-0.066
1970,12,-0.107
1971,1,-0.049
1971,2,-0.202
1971,3,-0.228
1971,4,-0.07
1971,5,-0.063
1971,6,-0.123
1971,7,-0.104
1971,8,-0.079
1971,9,-0.046
1971,10,-0.055
1971,11,-0.091
1971,12,-0.115
1972,1,-0.255
1972,2,-0.2
1972,3,-0.005
1972,4,0.021
1972,5,0.061
1972,6,0.047
1972,7,-0.031
1972,8,0.175
1972,9,0.019
1972,10,0.017
1972,11,-0.003
1972,12,0.239
1973,1,0.252
1973,2,0.267
1973,3,0.193
1973,4,0.307
1973,5,0.269
1973,6,0.18
1973,7,0.056
1973,8,0.047
1973,9,0.029
1973,10,0.081
1973,11,0.017
1973,12,0.006
1974,1,-0.15
1974,2,-0.297
1974,3,-0.123
1974,4,-0.061
1974,5,-0.022
1974,6,0.001
1974,7,-0.047
1974,8,0.177
1974,9,-0.042
1974,10,-0.046
1974,11,-0.079
1974,12,-0.068
1975,1,0.058
1975,2,0.134
1975,3,0.148
1975,4,0.113
1975,5,0.212
1975,6,0.037
1975,7,-0.046
1975,8,-0.189
1975,9,-0.035
1975,10,-0.072
1975,11,-0.219
1975,12,-0.097
1976,1,-0.025
1976,2,-0.096
1976,3,-0.23
1976,4,-0.054
1976,5,-0.247
1976,6,-0.171
1976,7,-0.055
1976,8,-0.145
1976,9,-0.027
1976,10,-0.195
1976,11,-0.032
1976,12,0.171
1977,1,0.324
1977,2,0.246
1977,3,0.198
1977,4,0.316
1977,5,0.399
1977,6,0.361
1977,7,0.23
1977,8,0.288
1977,9,0.089
1977,10,0.116
1977,11,0.19
1977,12,0.104
1978,1,0.148
1978,2,0.202
1978,3,0.196
1978,4,0.23
1978,5,0.184
1978,6,0.034
1978,7,0.094
1978,8,-0.176
1978,9,0.12
1978,10,0.006
1978,11,0.159
1978,12,0.154
1979,1,0.188
1979,2,-0.062
1979,3,0.195
1979,4,0.246
1979,5,0.083
1979,6,0.101
1979,7,0.034
1979,8,0.169
1979,9,0.277
1979,10,0.244
1979,11,0.265
1979,12,0.504
1980,1,0.385
1980,2,0.471
1980,3,0.372
1980,4,0.427
1980,5,0.391
1980,6,0.221
1980,7,0.307
1980,8,0.271
1980,9,0.201
1980,10,0.16
1980,11,0.263
1980,12,0.234
1981,1,0.58
1981,2,0.425
1981,3,0.452
1981,4,0.332
1981,5,0.283
1981,6,0.377
1981,7,0.381
1981,8,0.426
1981,9,0.218
1981,10,0.144
1981,11,0.201
1981,12,0.493
1982,1,0.137
1982,2,0.162
1982,3,-0.011
1982,4,0.106
1982,5,0.201
1982,6,0.113
1982,7,0.135
1982,8,0.078
1982,9,0.137
1982,10,0.128
1982,11,0.092
1982,12,0.437
1983,1,0.496
1983,2,0.451
1983,3,0.371
1983,4,0.351
1983,5,0.39
1983,6,0.237
1983,7,0.156
1983,8,0.36
1983,9,0.408
1983,10,0.163
1983,11,0.256
1983,12,0.236
1984,1,0.294
1984,2,0.148
1984,3,0.293
1984,4,0.179
1984,5,0.389
1984,6,0.097
1984,7,0.049
1984,8,0.153
1984,9,0.22
1984,10,0.107
1984,11,-0.017
1984,12,-0.027
1985,1,0.293
1985,2,0.045
1985,3,0.18
1985,4,0.176
1985,5,0.21
1985,6,0.181
1985,7,-0.017
1985,8,0.202
1985,9,0.147
1985,10,0.133
1985,11,0.068
1985,12,0.22
1986,1,0.255
1986,2,0.434
1986,3,0.267
1986,4,0.331
1986,5,0.283
1986,6,0.12
1986,7,0.105
1986,8,0.184
1986,9,0.095
1986,10,0.162
1986,11,0.084
1986,12,0.193
1987,1,0.364
1987,2,0.408
1987,3,0.227
1987,4,0.303
1987,5,0.325
1987,6,0.388
1987,7,0.443
1987,8,0.322
1987,9,0.354
1987,10,0.324
1987,11,0.206
1987,12,0.521
1988,1,0.564
1988,2,0.435
1988,3,0.467
1988,4,0.513
1988,5,0.458
1988,6,0.445
1988,7,0.331
1988,8,0.415
1988,9,0.39
1988,10,0.318
1988,11,0.059
1988,12,0.299
1989,1,0.083
1989,2,0.362
1989,3,0.305
1989,4,0.344
1989,5,0.129
1989,6,0.155
1989,7,0.326
1989,8,0.337
1989,9,0.349
1989,10,0.333
1989,11,0.14
1989,12,0.457
1990,1,0.429
1990,2,0.401
1990,3,0.742
1990,4,0.655
1990,5,0.555
1990,6,0.404
1990,7,0.464
1990,8,0.347
1990,9,0.312
1990,10,0.439
1990,11,0.393
1990,12,0.434
1991,1,0.45
1991,2,0.531
1991,3,0.388
1991,4,0.606
1991,5,0.453
1991,6,0.549
1991,7,0.515
1991,8,0.45
1991,9,0.453
1991,10,0.348
1991,11,0.3
1991,12,0.398
1992,1,0.509
1992,2,0.454
1992,3,0.472
1992,4,0.346
1992,5,0.349
1992,6,0.286
1992,7,0.125
1992,8,0.114
1992,9,-0.028
1992,10,0.048
1992,11,0.006
1992,12,0.26
1993,1,0.412
1993,2,0.438
1993,3,0.388
1993,4,0.372
1993,5,0.36
1993,6,0.312
1993,7,0.28
1993,8,0.205
1993,9,0.202
1993,10,0.288
1993,11,0.117
1993,12,0.246
1994,1,0.31
1994,2,0.111
1994,3,0.375
1994,4,0.458
1994,5,0.367
1994,6,0.445
1994,7,0.291
1994,8,0.24
1994,9,0.341
1994,10,0.446
1994,11,0.424
1994,12,0.399
1995,1,0.538
1995,2,0.782
1995,3,0.482
1995,4,0.589
1995,5,0.391
1995,6,0.509
1995,7,0.539
1995,8,0.54
1995,9,0.41
1995,10,0.513
1995,11,0.461
1995,12,0.348
1996,1,0.342
1996,2,0.591
1996,3,0.451
1996,4,0.467
1996,5,0.333
1996,6,0.28
1996,7,0.364
1996,8,0.526
1996,9,0.296
1996,10,0.205
1996,11,0.422
1996,12,0.483
1997,1,0.376
1997,2,0.432
1997,3,0.561
1997,4,0.506
1997,5,0.45
1997,6,0.621
1997,7,0.403
1997,8,0.459
1997,9,0.572
1997,10,0.699
1997,11,0.703
1997,12,0.667
1998,1,0.662
1998,2,0.892
1998,3,0.684
1998,4,0.811
1998,5,0.775
1998,6,0.792
1998,7,0.724
1998,8,0.759
1998,9,0.503
1998,10,0.489
1998,11,0.484
1998,12,0.664
1999,1,0.515
1999,2,0.698
1999,3,0.392
1999,4,0.419
1999,5,0.354
1999,6,0.443
1999,7,0.396
1999,8,0.371
1999,9,0.47
1999,10,0.397
1999,11,0.392
1999,12,0.494
2000,1,0.339
2000,2,0.601
2000,3,0.572
2000,4,0.644
2000,5,0.424
2000,6,0.45
2000,7,0.388
2000,8,0.487
2000,9,0.462
2000,10,0.279
2000,11,0.338
2000,12,0.357
2001,1,0.522
2001,2,0.506
2001,3,0.612
2001,4,0.617
2001,5,0.611
2001,6,0.566
2001,7,0.576
2001,8,0.488
2001,9,0.555
2001,10,0.511
2001,11,0.711
2001,12,0.678
2002,1,0.779
2002,2,0.734
2002,3,0.946
2002,4,0.695
2002,5,0.7
2002,6,0.574
2002,7,0.602
2002,8,0.57
2002,9,0.689
2002,10,0.616
2002,11,0.584
2002,12,0.581
2003,1,0.812
2003,2,0.619
2003,3,0.599
2003,4,0.646
2003,5,0.67
2003,6,0.501
2003,7,0.567
2003,8,0.667
2003,9,0.695
2003,10,0.747
2003,11,0.54
2003,12,0.794
2004,1,0.658
2004,2,0.74
2004,3,0.644
2004,4,0.712
2004,5,0.438
2004,6,0.444
2004,7,0.254
2004,8,0.475
2004,9,0.552
2004,10,0.632
2004,11,0.705
2004,12,0.559
2005,1,0.8
2005,2,0.694
2005,3,0.789
2005,4,0.768
2005,5,0.707
2005,6,0.697
2005,7,0.611
2005,8,0.642
2005,9,0.749
2005,10,0.825
2005,11,0.73
2005,12,0.777
2006,1,0.649
2006,2,0.836
2006,3,0.704
2006,4,0.623
2006,5,0.567
2006,6,0.674
2006,7,0.473
2006,8,0.748
2006,9,0.646
2006,10,0.707
2006,11,0.709
2006,12,0.852
2007,1,0.997
2007,2,0.774
2007,3,0.702
2007,4,0.884
2007,5,0.722
2007,6,0.62
2007,7,0.643
2007,8,0.644
2007,9,0.615
2007,10,0.639
2007,11,0.599
2007,12,0.527
2008,1,0.318
2008,2,0.373
2008,3,0.69
2008,4,0.608
2008,5,0.576
2008,6,0.514
2008,7,0.579
2008,8,0.492
2008,9,0.684
2008,10,0.713
2008,11,0.679
2008,12,0.606
2009,1,0.722
2009,2,0.599
2009,3,0.524
2009,4,0.664
2009,5,0.675
2009,6,0.703
2009,7,0.788
2009,8,0.748
2009,9,0.748
2009,10,0.724
2009,11,0.787
2009,12,0.792
2010,1,0.837
2010,2,0.919
2010,3,0.934
2010,4,0.989
2010,5,0.822
2010,6,0.701
2010,7,0.615
2010,8,0.705
2010,9,0.687
2010,10,0.751
2010,11,0.782
2010,12,0.578
2011,1,0.62
2011,2,0.581
2011,3,0.704
2011,4,0.725
2011,5,0.595
2011,6,0.688
2011,7,0.791
2011,8,0.82
2011,9,0.603
2011,10,0.668
2011,11,0.572
2011,12,0.65
2012,1,0.487
2012,2,0.539
2012,3,0.524
2012,4,0.783
2012,5,0.824
2012,6,0.703
2012,7,0.58
2012,8,0.749
2012,9,0.781
2012,10,0.854
2012,11,0.814
2012,12,0.614
2013,1,0.747
2013,2,0.616
2013,3,0.687
2013,4,0.644
2013,5,0.686
2013,6,0.684
2013,7,0.587
2013,8,0.733
2013,9,0.792
2013,10,0.705
2013,11,0.839
2013,12,0.744
2014,1,0.795
2014,2,0.591
2014,3,0.787
2014,4,0.863
2014,5,0.902
2014,6,0.685
2014,7,0.585
2014,8,0.893
2014,9,0.935
2014,10,0.857
2014,11,0.634
2014,12,0.816
2015,1,0.871
2015,2,0.902
2015,3,0.918
2015,4,0.868
2015,5,0.867
2015,6,0.833
2015,7,0.739
2015,8,0.875
2015,9,0.896
2015,10,1.096
2015,11,1.019
2015,12,1.192
2016,1,1.253
2016,2,1.338
2016,3,1.329
2016,4,1.179
2016,5,1.052
2016,6,0.842
2016,7,0.842
2016,8,1.043
2016,9,0.927
2016,10,0.962
2016,11,0.961
2016,12,0.974
2017,1,1.094
2017,2,1.181
2017,3,1.222
2017,4,1.045
2017,5,0.987
2017,6,0.733
2017,7,0.814
2017,8,0.901
2017,9,0.786
2017,10,0.926
2017,11,0.857
2017,12,0.996
2018,1,0.878
2018,2,0.927
2018,3,0.931
2018,4,0.991
2018,5,0.852
2018,6,0.808
2018,7,0.81
2018,8,0.833
2018,9,0.812
2018,10,1.013
2018,11,0.821
2018,12,0.978
2019,1,0.956
2019,2,0.993
2019,3,1.219
2019,4,1.113
2019,5,0.929
2019,6,0.888
2019,7,0.957
2019,8,1.002
2019,9,0.949
2019,10,1.109
2019,11,1.012
2019,12,1.161
2020,1,1.201
2020,2,1.231
2020,3,1.178
2020,4,1.231
2020,5,1.046
2020,6,0.923
2020,7,0.931
2020,8,0.954
2020,9,1.009
2020,10,0.931
2020,11,1.088
2020,12,0.866
2021,1,0.894
2021,2,0.698
2021,3,0.868
2021,4,0.885
2021,5,0.868
2021,6,0.845
2021,7,0.906
2021,8,0.904
2021,9,0.989
2021,10,1.06
2021,11,0.931
2021,12,0.889
2022,1,0.946
2022,2,0.889
2022,3,1.078
2022,4,0.927
2022,5,0.896
2022,6,0.972
2022,7,0.925
2022,8,0.976
2022,9,0.919
2022,10,1.041
2022,11,0.73
2022,12,0.936
2023,1,0.925
2023,2,0.985
2023,3,1.268
2023,4,1.086
2023,5,1.002
2023,6,1.13
2023,7,1.266
2023,8,1.315
2023,9,1.548
2023,10,1.393
2023,11,1.4
2023,12,1.427
2024,1,1.3
2024,2,1.426
2024,3,1.343
2024,4,1.352
2024,5,1.223
2024,6,1.23
2024,7,1.229
2024,8,1.383
2024,9,1.271
2024,10,1.368
2024,11,1.313
2024,12,1.289
1850,1,-0.717
1850,2,-0.2
1850,3,-0.399
1850,4,-0.552
1850,5,-0.577
1850,6,-0.336
1850,7,-0.182
1850,8,-0.173
1850,9,-0.391
1850,10,-0.552
1850,11,-0.493
1850,12,-0.454
1851,1,-0.203
1851,2,-0.377
1851,3,-0.557
1851,4,-0.59
1851,5,-0.342
1851,6,-0.258
1851,7,-0.229
1851,8,-0.291
1851,9,-0.363
1851,10,-0.163
1851,11,-0.314
1851,12,-0.147
1852,1,-0.247
1852,2,-0.486
1852,3,-0.716
1852,4,-0.497
1852,5,-0.175
1852,6,-0.09
1852,7,-0.026
1852,8,-0.29
1852,9,-0.272
1852,10,-0.165
1852,11,-0.457
1852,12,0.056
1853,1,-0.263
1853,2,-0.329
1853,3,-0.372
1853,4,-0.249
1853,5,-0.266
1853,6,-0.17
1853,7,0.018
1853,8,-0.057
1853,9,-0.369
1853,10,-0.448
1853,11,-0.577
1853,12,-0.337
1854,1,-0.523
1854,2,-0.519
1854,3,-0.288
1854,4,-0.319
1854,5,-0.28
1854,6,-0.446
1854,7,-0.188
1854,8,-0.194
1854,9,-0.215
1854,10,0.063
1854,11,-0.225
1854,12,-0.213
1855,1,-0.082
1855,2,-0.093
1855,3,-0.256
1855,4,-0.077
1855,5,-0.226
1855,6,-0.31
1855,7,-0.334
1855,8,-0.225
1855,9,-0.412
1855,10,-0.291
1855,11,-0.344
1855,12,-0.51
1856,1,-0.018
1856,2,-0.375
1856,3,-0.429
1856,4,-0.39
1856,5,-0.325
1856,6,-0.155
1856,7,-0.247
1856,8,-0.472
1856,9,-0.638
1856,10,-0.635
1856,11,-0.55
1856,12,-0.441
1857,1,-0.504
1857,2,-0.501
1857,3,-0.635
1857,4,-0.748
1857,5,-0.69
1857,6,-0.519
1857,7,-0.46
1857,8,-0.422
1857,9,-0.434
1857,10,-0.502
1857,11,-0.475
1857,12,-0.249
1858,1,-0.22
1858,2,-0.458
1858,3,-0.347
1858,4,-0.277
1858,5,-0.401
1858,6,-0.266
1858,7,-0.299
1858,8,-0.285
1858,9,-0.411
1858,10,-0.268
1858,11,-0.186
1858,12,-0.48
1859,1,-0.325
1859,2,-0.254
1859,3,-0.241
1859,4,0.003
1859,5,-0.024
1859,6,-0.119
1859,7,-0.285
1859,8,-0.335
1859,9,-0.478
1859,10,-0.249
1859,11,-0.187
1859,12,-0.128
1860,1,-0.312
1860,2,-0.299
1860,3,-0.665
1860,4,-0.255
1860,5,-0.227
1860,6,-0.217
1860,7,-0.274
1860,8,-0.232
1860,9,-0.286
1860,10,-0.339
1860,11,-0.496
1860,12,-0.817
1861,1,-0.949
1861,2,-0.63
1861,3,-0.571
1861,4,-0.372
1861,5,-0.424
1861,6,-0.37
1861,7,-0.319
1861,8,-0.219
1861,9,-0.375
1861,10,-0.442
1861,11,-0.191
1861,12,-0.349
1862,1,-0.84
1862,2,-0.721
1862,3,-0.53
1862,4,-0.486
1862,5,-0.28
1862,6,-0.301
1862,7,-0.328
1862,8,-0.459
1862,9,-0.49
1862,10,-0.417
1862,11,-0.495
1862,12,-0.785
1863,1,-0.129
1863,2,-0.13
1863,3,-0.33
1863,4,-0.246
1863,5,-0.236
1863,6,-0.342
1863,7,-0.334
1863,8,-0.342
1863,9,-0.441
1863,10,-0.413
1863,11,-0.333
1863,12,-0.289
1864,1,-0.492
1864,2,-0.392
1864,3,-0.433
1864,4,-0.353
1864,5,-0.145
1864,6,-0.108
1864,7,-0.187
1864,8,-0.326
1864,9,-0.456
1864,10,-0.341
1864,11,-0.326
1864,12,-0.435
1865,1,0.062
1865,2,-0.266
1865,3,-0.412
1865,4,-0.321
1865,5,-0.26
1865,6,-0.248
1865,7,-0.191
1865,8,-0.192
1865,9,-0.213
1865,10,-0.232
1865,11,-0.184
1865,12,-0.473
1866,1,0.026
1866,2,-0.285
1866,3,-0.452
1866,4,-0.495
1866,5,-0.35
1866,6,-0.221
1866,7,0.093
1866,8,-0.22
1866,9,-0.296
1866,10,-0.233
1866,11,-0.027
1866,12,0.081
1867,1,-0.159
1867,2,-0.279
1867,3,-0.286
1867,4,-0.107
1867,5,-0.361
1867,6,-0.207
1867,7,-0.203
1867,8,-0.273
1867,9,-0.145
1867,10,-0.006
1867,11,0.2
1867,12,-0.184
1868,1,-0.486
1868,2,-0.537
1868,3,-0.296
1868,4,-0.108
1868,5,-0.1
1868,6,-0.125
1868,7,0.038
1868,8,-0.071
1868,9,-0.231
1868,10,-0.01
1868,11,-0.259
1868,12,-0.129
1869,1,-0.195
1869,2,0.061
1869,3,-0.518
1869,4,-0.238
1869,5,-0.194
1869,6,-0.219
1869,7,-0.253
1869,8,-0.196
1869,9,-0.105
1869,10,-0.227
1869,11,-0.172
1869,12,-0.393
1870,1,-0.286
1870,2,-0.423
1870,3,-0.327
1870,4,-0.229
1870,5,-0.19
1870,6,-0.126
1870,7,-0.109
1870,8,-0.272
1870,9,-0.206
1870,10,-0.324
1870,11,-0.298
1870,12,-0.557
1871,1,-0.498
1871,2,-0.527
1871,3,-0.233
1871,4,-0.057
1871,5,-0.278
1871,6,-0.219
1871,7,-0.16
1871,8,-0.196
1871,9,-0.378
1871,10,-0.257
1871,11,-0.48
1871,12,-0.379
1872,1,-0.451
1872,2,-0.406
1872,3,-0.37
1872,4,-0.332
1872,5,-0.182
1872,6,-0.25
1872,7,-0.118
1872,8,-0.041
1872,9,-0.172
1872,10,-0.204
1872,11,-0.361
1872,12,-0.432
1873,1,-0.261
1873,2,-0.072
1873,3,-0.262
1873,4,-0.382
1873,5,-0.267
1873,6,-0.203
1873,7,-0.168
1873,8,-0.142
1873,9,-0.344
1873,10,-0.253
1873,11,-0.321
1873,12,-0.225
1874,1,-0.201
1874,2,-0.289
1874,3,-0.652
1874,4,-0.361
1874,5,-0.263
1874,6,-0.32
1874,7,-0.272
1874,8,-0.186
1874,9,-0.181
1874,10,-0.325
1874,11,-0.403
1874,12,-0.339
1875,1,-0.462
1875,2,-0.354
1875,3,-0.43
1875,4,-0.331
1875,5,-0.25
1875,6,-0.258
1875,7,-0.21
1875,8,-0.231
1875,9,-0.234
1875,10,-0.176
1875,11,-0.504
1875,12,-0.434
1876,1,-0.368
1876,2,-0.248
1876,3,-0.295
1876,4,-0.254
1876,5,-0.494
1876,6,-0.319
1876,7,-0.17
1876,8,-0.284
1876,9,-0.341
1876,10,-0.27
1876,11,-0.428
1876,12,-0.534
1877,1,-0.234
1877,2,-0.046
1877,3,0.037
1877,4,-0.097
1877,5,-0.08
1877,6,-0.063
1877,7,0.118
1877,8,0.209
1877,9,0.155
1877,10,0.159
1877,11,0.216
1877,12,-0.065
1878,1,-0.0
1878,2,0.41
1878,3,0.5
1878,4,0.284
1878,5,-0.055
1878,6,0.073
1878,7,0.087
1878,8,0.051
1878,9,-0.037
1878,10,-0.07
1878,11,-0.004
1878,12,-0.18
1879,1,-0.17
1879,2,-0.164
1879,3,-0.104
1879,4,-0.255
1879,5,-0.261
1879,6,-0.201
1879,7,-0.214
1879,8,-0.235
1879,9,-0.28
1879,10,-0.121
1879,11,-0.247
1879,12,-0.431
1880,1,-0.364
1880,2,-0.409
1880,3,-0.251
1880,4,-0.303
1880,5,-0.241
1880,6,-0.323
1880,7,-0.268
1880,8,-0.186
1880,9,-0.347
1880,10,-0.313
1880,11,-0.173
1880,12,-0.231
1881,1,-0.101
1881,2,-0.154
1881,3,-0.064
1881,4,-0.01
1881,5,-0.095
1881,6,-0.339
1881,7,-0.17
1881,8,-0.156
1881,9,-0.303
1881,10,-0.269
1881,11,-0.338
1881,12,-0.209
1882,1,0.106
1882,2,0.028
1882,3,-0.111
1882,4,-0.252
1882,5,-0.262
1882,6,-0.342
1882,7,-0.344
1882,8,-0.198
1882,9,-0.187
1882,10,-0.325
1882,11,-0.372
1882,12,-0.518
1883,1,-0.386
1883,2,-0.403
1883,3,-0.169
1883,4,-0.314
1883,5,-0.253
1883,6,-0.148
1883,7,-0.27
1883,8,-0.329
1883,9,-0.338
1883,10,-0.287
1883,11,-0.44
1883,12,-0.25
1884,1,-0.208
1884,2,-0.166
1884,3,-0.481
1884,4,-0.482
1884,5,-0.524
1884,6,-0.492
1884,7,-0.522
1884,8,-0.441
1884,9,-0.478
1884,10,-0.447
1884,11,-0.562
1884,12,-0.431
1885,1,-0.622
1885,2,-0.433
1885,3,-0.394
1885,4,-0.496
1885,5,-0.522
1885,6,-0.547
1885,7,-0.354
1885,8,-0.42
1885,9,-0.398
1885,10,-0.321
1885,11,-0.348
1885,12,-0.151
1886,1,-0.525
1886,2,-0.578
1886,3,-0.513
1886,4,-0.37
1886,5,-0.314
1886,6,-0.461
1886,7,-0.315
1886,8,-0.426
1886,9,-0.468
1886,10,-0.442
1886,11,-0.522
1886,12,-0.378
1887,1,-0.869
1887,2,-0.644
1887,3,-0.456
1887,4,-0.336
1887,5,-0.437
1887,6,-0.482
1887,7,-0.344
1887,8,-0.504
1887,9,-0.393
1887,10,-0.414
1887,11,-0.35
1887,12,-0.353
1888,1,-0.352
1888,2,-0.457
1888,3,-0.437
1888,4,-0.31
1888,5,-0.336
1888,6,-0.321
1888,7,-0.271
1888,8,-0.281
1888,9,-0.286
1888,10,-0.113
1888,11,-0.143
1888,12,-0.099
1889,1,-0.11
1889,2,0.198
1889,3,0.02
1889,4,0.035
1889,5,-0.175
1889,6,-0.221
1889,7,-0.171
1889,8,-0.277
1889,9,-0.346
1889,10,-0.308
1889,11,-0.404
1889,12,-0.302
1890,1,-0.424
1890,2,-0.398
1890,3,-0.536
1890,4,-0.382
1890,5,-0.48
1890,6,-0.459
1890,7,-0.418
1890,8,-0.438
1890,9,-0.435
1890,10,-0.325
1890,11,-0.59
1890,12,-0.379
1891,1,-0.468
1891,2,-0.495
1891,3,-0.245
1891,4,-0.32
1891,5,-0.256
1891,6,-0.349
1891,7,-0.31
1891,8,-0.295
1891,9,-0.253
1891,10,-0.329
1891,11,-0.448
1891,12,-0.106
1892,1,-0.252
1892,2,-0.154
1892,3,-0.444
1892,4,-0.439
1892,5,-0.387
1892,6,-0.31
1892,7,-0.443
1892,8,-0.42
1892,9,-0.378
1892,10,-0.3
1892,11,-0.673
1892,12,-0.536
1893,1,-0.823
1893,2,-0.578
1893,3,-0.321
1893,4,-0.365
1893,5,-0.404
1893,6,-0.304
1893,7,-0.186
1893,8,-0.264
1893,9,-0.34
1893,10,-0.239
1893,11,-0.316
1893,12,-0.376
1894,1,-0.493
1894,2,-0.344
1894,3,-0.346
1894,4,-0.494
1894,5,-0.42
1894,6,-0.456
1894,7,-0.293
1894,8,-0.276
1894,9,-0.318
1894,10,-0.232
1894,11,-0.36
1894,12,-0.34
1895,1,-0.468
1895,2,-0.441
1895,3,-0.424
1895,4,-0.26
1895,5,-0.334
1895,6,-0.285
1895,7,-0.235
1895,8,-0.296
1895,9,-0.323
1895,10,-0.229
1895,11,-0.182
1895,12,-0.196
1896,1,-0.176
1896,2,-0.192
1896,3,-0.409
1896,4,-0.398
1896,5,-0.257
1896,6,-0.153
1896,7,-0.125
1896,8,-0.122
1896,9,-0.205
1896,10,-0.09
1896,11,-0.259
1896,12,-0.108
1897,1,-0.196
1897,2,-0.215
1897,3,-0.293
1897,4,-0.065
1897,5,-0.068
1897,6,-0.2
1897,7,-0.215
1897,8,-0.224
1897,9,-0.264
1897,10,-0.22
1897,11,-0.332
1897,12,-0.345
1898,1,-0.152
1898,2,-0.435
1898,3,-0.672
1898,4,-0.409
1898,5,-0.394
1898,6,-0.255
1898,7,-0.356
1898,8,-0.381
1898,9,-0.427
1898,10,-0.496
1898,11,-0.499
1898,12,-0.366
1899,1,-0.216
1899,2,-0.407
1899,3,-0.442
1899,4,-0.207
1899,5,-0.237
1899,6,-0.381
1899,7,-0.289
1899,8,-0.186
1899,9,-0.138
1899,10,-0.118
1899,11,0.012
1899,12,-0.317
1900,1,-0.391
1900,2,-0.046
1900,3,-0.039
1900,4,-0.125
1900,5,-0.115
1900,6,-0.176
1900,7,-0.211
1900,8,-0.184
1900,9,-0.161
1900,10,-0.014
1900,11,-0.223
1900,12,-0.115
1901,1,-0.246
1901,2,-0.133
1901,3,-0.073
1901,4,-0.061
1901,5,-0.179
1901,6,-0.265
1901,7,-0.288
1901,8,-0.217
1901,9,-0.311
1901,10,-0.31
1901,11,-0.29
1901,12,-0.346
1902,1,-0.25
1902,2,-0.095
1902,3,-0.358
1902,4,-0.333
1902,5,-0.392
1902,6,-0.372
1902,7,-0.343
1902,8,-0.366
1902,9,-0.365
1902,10,-0.452
1902,11,-0.526
1902,12,-0.509
1903,1,-0.276
1903,2,-0.158
1903,3,-0.38
1903,4,-0.48
1903,5,-0.478
1903,6,-0.549
1903,7,-0.495
1903,8,-0.579
1903,9,-0.593
1903,10,-0.573
1903,11,-0.559
1903,12,-0.566
1904,1,-0.628
1904,2,-0.674
1904,3,-0.625
1904,4,-0.56
1904,5,-0.548
1904,6,-0.53
1904,7,-0.53
1904,8,-0.504
1904,9,-0.571
1904,10,-0.458
1904,11,-0.286
1904,12,-0.346
1905,1,-0.348
1905,2,-0.594
1905,3,-0.391
1905,4,-0.401
1905,5,-0.314
1905,6,-0.332
1905,7,-0.34
1905,8,-0.32
1905,9,-0.362
1905,10,-0.325
1905,11,-0.186
1905,12,-0.248
1906,1,-0.289
1906,2,-0.293
1906,3,-0.169
1906,4,-0.045
1906,5,-0.313
1906,6,-0.276
1906,7,-0.345
1906,8,-0.314
1906,9,-0.345
1906,10,-0.208
1906,11,-0.367
1906,12,-0.199
1907,1,-0.442
1907,2,-0.505
1907,3,-0.312
1907,4,-0.331
1907,5,-0.495
1907,6,-0.468
1907,7,-0.406
1907,8,-0.419
1907,9,-0.393
1907,10,-0.263
1907,11,-0.532
1907,12,-0.483
1908,1,-0.381
1908,2,-0.315
1908,3,-0.617
1908,4,-0.447
1908,5,-0.352
1908,6,-0.397
1908,7,-0.396
1908,8,-0.508
1908,9,-0.411
1908,10,-0.507
1908,11,-0.592
1908,12,-0.57
1909,1,-0.712
1909,2,-0.462
1909,3,-0.569
1909,4,-0.524
1909,5,-0.49
1909,6,-0.479
1909,7,-0.537
1909,8,-0.39
1909,9,-0.472
1909,10,-0.46
1909,11,-0.402
1909,12,-0.498
1910,1,-0.369
1910,2,-0.452
1910,3,-0.546
1910,4,-0.407
1910,5,-0.376
1910,6,-0.417
1910,7,-0.433
1910,8,-0.418
1910,9,-0.433
1910,10,-0.396
1910,11,-0.618
1910,12,-0.704
1911,1,-0.628
1911,2,-0.632
1911,3,-0.654
1911,4,-0.515
1911,5,-0.567
1911,6,-0.541
1911,7,-0.508
1911,8,-0.488
1911,9,-0.497
1911,10,-0.304
1911,11,-0.316
1911,12,-0.269
1912,1,-0.239
1912,2,-0.184
1912,3,-0.412
1912,4,-0.188
1912,5,-0.251
1912,6,-0.251
1912,7,-0.457
1912,8,-0.538
1912,9,-0.622
1912,10,-0.617
1912,11,-0.471
1912,12,-0.501
1913,1,-0.465
1913,2,-0.44
1913,3,-0.479
1913,4,-0.306
1913,5,-0.407
1913,6,-0.476
1913,7,-0.42
1913,8,-0.359
1913,9,-0.42
1913,10,-0.351
1913,11,-0.253
1913,12,-0.053
1914,1,0.036
1914,2,-0.182
1914,3,-0.312
1914,4,-0.286
1914,5,-0.226
1914,6,-0.251
1914,7,-0.262
1914,8,-0.209
1914,9,-0.252
1914,10,-0.055
1914,11,-0.139
1914,12,-0.12
1915,1,-0.21
1915,2,-0.088
1915,3,-0.06
1915,4,0.071
1915,5,0.009
1915,6,-0.179
1915,7,-0.199
1915,8,-0.128
1915,9,-0.228
1915,10,-0.289
1915,11,-0.117
1915,12,-0.229
1916,1,-0.216
1916,2,-0.171
1916,3,-0.308
1916,4,-0.302
1916,5,-0.318
1916,6,-0.369
1916,7,-0.34
1916,8,-0.352
1916,9,-0.369
1916,10,-0.412
1916,11,-0.504
1916,12,-0.734
1917,1,-0.619
1917,2,-0.685
1917,3,-0.713
1917,4,-0.491
1917,5,-0.566
1917,6,-0.478
1917,7,-0.325
1917,8,-0.315
1917,9,-0.302
1917,10,-0.467
1917,11,-0.404
1917,12,-0.667
1918,1,-0.458
1918,2,-0.472
1918,3,-0.43
1918,4,-0.446
1918,5,-0.439
1918,6,-0.389
1918,7,-0.377
1918,8,-0.371
1918,9,-0.249
1918,10,-0.086
1918,11,-0.14
1918,12,-0.281
1919,1,-0.197
1919,2,-0.141
1919,3,-0.286
1919,4,-0.079
1919,5,-0.265
1919,6,-0.348
1919,7,-0.374
1919,8,-0.361
1919,9,-0.399
1919,10,-0.354
1919,11,-0.533
1919,12,-0.453
1920,1,-0.237
1920,2,-0.362
1920,3,-0.17
1920,4,-0.185
1920,5,-0.25
1920,6,-0.262
1920,7,-0.276
1920,8,-0.259
1920,9,-0.197
1920,10,-0.121
1920,11,-0.233
1920,12,-0.448
1921,1,-0.127
1921,2,-0.17
1921,3,-0.292
1921,4,-0.276
1921,5,-0.295
1921,6,-0.199
1921,7,-0.184
1921,8,-0.247
1921,9,-0.154
1921,10,-0.087
1921,11,-0.183
1921,12,-0.14
1922,1,-0.345
1922,2,-0.341
1922,3,-0.163
1922,4,-0.104
1922,5,-0.318
1922,6,-0.272
1922,7,-0.245
1922,8,-0.358
1922,9,-0.35
1922,10,-0.334
1922,11,-0.25
1922,12,-0.221
1923,1,-0.262
1923,2,-0.413
1923,3,-0.35
1923,4,-0.268
1923,5,-0.299
1923,6,-0.249
1923,7,-0.362
1923,8,-0.333
1923,9,-0.325
1923,10,-0.09
1923,11,0.005
1923,12,0.015
1924,1,-0.245
1924,2,-0.211
1924,3,-0.128
1924,4,-0.209
1924,5,-0.183
1924,6,-0.255
1924,7,-0.258
1924,8,-0.322
1924,9,-0.328
1924,10,-0.329
1924,11,-0.243
1924,12,-0.394
1925,1,-0.388
1925,2,-0.414
1925,3,-0.297
1925,4,-0.241
1925,5,-0.162
1925,6,-0.253
1925,7,-0.284
1925,8,-0.169
1925,9,-0.204
1925,10,-0.166
1925,11,-0.003
1925,12,0.126
1926,1,0.198
1926,2,0.045
1926,3,0.073
1926,4,-0.059
1926,5,-0.177
1926,6,-0.165
1926,7,-0.23
1926,8,-0.126
1926,9,-0.127
1926,10,-0.021
1926,11,-0.061
1926,12,-0.202
1927,1,-0.23
1927,2,-0.158
1927,3,-0.349
1927,4,-0.2
1927,5,-0.194
1927,6,-0.276
1927,7,-0.213
1927,8,-0.175
1927,9,-0.131
1927,10,0.015
1927,11,-0.082
1927,12,-0.25
1928,1,0.063
1928,2,-0.062
1928,3,-0.248
1928,4,-0.164
1928,5,-0.257
1928,6,-0.363
1928,7,-0.216
1928,8,-0.225
1928,9,-0.265
1928,10,-0.16
1928,11,-0.165
1928,12,-0.193
1929,1,-0.434
1929,2,-0.574
1929,3,-0.373
1929,4,-0.324
1929,5,-0.386
1929,6,-0.383
1929,7,-0.404
1929,8,-0.243
1929,9,-0.252
1929,10,-0.157
1929,11,-0.11
1929,12,-0.52
1930,1,-0.301
1930,2,-0.253
1930,3,-0.127
1930,4,-0.165
1930,5,-0.207
1930,6,-0.211
1930,7,-0.157
1930,8,-0.114
1930,9,-0.13
1930,10,-0.049
1930,11,0.076
1930,12,-0.047
1931,1,-0.056
1931,2,-0.185
1931,3,-0.092
1931,4,-0.146
1931,5,-0.201
1931,6,-0.085
1931,7,-0.049
1931,8,-0.027
1931,9,-0.041
1931,10,0.042
1931,11,-0.079
1931,12,-0.053
1932,1,0.121
1932,2,-0.179
1932,3,-0.199
1932,4,0.045
1932,5,-0.082
1932,6,-0.208
1932,7,-0.161
1932,8,-0.213
1932,9,-0.06
1932,10,-0.106
1932,11,-0.259
1932,12,-0.187
1933,1,-0.281
1933,2,-0.302
1933,3,-0.345
1933,4,-0.275
1933,5,-0.314
1933,6,-0.358
1933,7,-0.295
1933,8,-0.198
1933,9,-0.339
1933,10,-0.222
1933,11,-0.295
1933,12,-0.396
1934,1,-0.229
1934,2,-0.084
1934,3,-0.394
1934,4,-0.286
1934,5,-0.155
1934,6,-0.145
1934,7,-0.156
1934,8,-0.161
1934,9,-0.198
1934,10,-0.098
1934,11,0.008
1934,12,-0.084
1935,1,-0.302
1935,2,0.065
1935,3,-0.2
1935,4,-0.264
1935,5,-0.3
1935,6,-0.228
1935,7,-0.177
1935,8,-0.205
1935,9,-0.194
1935,10,-0.097
1935,11,-0.355
1935,12,-0.219
1936,1,-0.275
1936,2,-0.297
1936,3,-0.276
1936,4,-0.187
1936,5,-0.157
1936,6,-0.173
1936,7,-0.091
1936,8,-0.12
1936,9,-0.121
1936,10,0.041
1936,11,-0.072
1936,12,0.018
1937,1,-0.157
1937,2,0.058
1937,3,-0.204
1937,4,-0.068
1937,5,-0.049
1937,6,-0.001
1937,7,0.032
1937,8,0.065
1937,9,0.084
1937,10,0.103
1937,11,0.019
1937,12,-0.096
1938,1,0.025
1938,2,0.03
1938,3,0.025
1938,4,0.027
1938,5,-0.114
1938,6,-0.143
1938,7,-0.089
1938,8,-0.026
1938,9,0.024
1938,10,0.106
1938,11,0.005
1938,12,-0.188
1939,1,0.005
1939,2,-0.031
1939,3,-0.202
1939,4,-0.008
1939,5,0.087
1939,6,0.057
1939,7,-0.035
1939,8,-0.012
1939,9,-0.04
1939,10,-0.099
1939,11,-0.037
1939,12,0.366
1940,1,-0.032
1940,2,0.126
1940,3,0.059
1940,4,0.111
1940,5,-0.007
1940,6,0.0
1940,7,0.101
1940,8,0.053
1940,9,0.032
1940,10,-0.003
1940,11,-0.073
1940,12,0.18
1941,1,0.027
1941,2,0.104
1941,3,-0.058
1941,4,0.042
1941,5,0.002
1941,6,0.035
1941,7,0.091
1941,8,-0.001
1941,9,-0.161
1941,10,0.202
1941,11,0.041
1941,12,0.163
1942,1,0.262
1942,2,0.021
1942,3,0.1
1942,4,0.056
1942,5,0.079
1942,6,0.048
1942,7,-0.052
1942,8,-0.088
1942,9,-0.062
1942,10,-0.011
1942,11,0.027
1942,12,0.063
1943,1,-0.025
1943,2,0.149
1943,3,-0.055
1943,4,0.086
1943,5,0.047
1943,6,-0.075
1943,7,0.042
1943,8,0.055
1943,9,-0.001
1943,10,0.225
1943,11,0.114
1943,12,0.249
1944,1,0.345
1944,2,0.25
1944,3,0.21
1944,4,0.173
1944,5,0.148
1944,6,0.091
1944,7,0.172
1944,8,0.233
1944,9,0.191
1944,10,0.238
1944,11,0.054
1944,12,0.046
1945,1,0.07
1945,2,-0.045
1945,3,0.074
1945,4,0.21
1945,5,0.017
1945,6,0.017
1945,7,0.007
1945,8,0.228
1945,9,0.122
1945,10,0.18
1945,11,0.057
1945,12,-0.092
1946,1,0.059
1946,2,0.007
1946,3,-0.013
1946,4,0.116
1946,5,-0.112
1946,6,-0.228
1946,7,-0.096
1946,8,-0.167
1946,9,-0.124
1946,10,-0.008
1946,11,-0.072
1946,12,-0.277
1947,1,-0.093
1947,2,-0.066
1947,3,0.036
1947,4,0.049
1947,5,-0.083
1947,6,-0.055
1947,7,-0.073
1947,8,-0.135
1947,9,-0.138
1947,10,0.032
1947,11,-0.028
1947,12,-0.105
1948,1,0.094
1948,2,-0.141
1948,3,-0.234
1948,4,-0.091
1948,5,0.018
1948,6,0.005
1948,7,-0.086
1948,8,-0.056
1948,9,-0.135
1948,10,-0.07
1948,11,-0.165
1948,12,-0.215
1949,1,0.125
1949,2,-0.169
1949,3,-0.181
1949,4,-0.03
1949,5,-0.07
1949,6,-0.216
1949,7,-0.138
1949,8,-0.085
1949,9,-0.149
1949,10,-0.045
1949,11,-0.117
1949,12,-0.135
1950,1,-0.252
1950,2,-0.284
1950,3,-0.179
1950,4,-0.206
1950,5,-0.087
1950,6,-0.053
1950,7,-0.055
1950,8,-0.17
1950,9,-0.206
1950,10,-0.175
1950,11,-0.361
1950,12,-0.183
1951,1,-0.247
1951,2,-0.345
1951,3,-0.195
1951,4,-0.079
1951,5,0.059
1951,6,0.057
1951,7,0.044
1951,8,0.142
1951,9,0.088
1951,10,0.151
1951,11,0.016
1951,12,0.197
1952,1,0.195
1952,2,0.163
1952,3,-0.089
1952,4,0.069
1952,5,0.025
1952,6,0.044
1952,7,0.08
1952,8,0.057
1952,9,0.071
1952,10,0.07
1952,11,-0.111
1952,12,0.045
1953,1,0.097
1953,2,0.22
1953,3,0.132
1953,4,0.238
1953,5,0.208
1953,6,0.201
1953,7,0.088
1953,8,0.089
1953,9,0.072
1953,10,0.073
1953,11,-0.076
1953,12,0.13
1954,1,-0.176
1954,2,-0.047
1954,3,-0.084
1954,4,-0.073
1954,5,-0.109
1954,6,-0.073
1954,7,-0.132
1954,8,-0.081
1954,9,-0.072
1954,10,0.038
1954,11,0.096
1954,12,-0.114
1955,1,0.176
1955,2,-0.074
1955,3,-0.291
1955,4,-0.196
1955,5,-0.21
1955,6,-0.128
1955,7,-0.16
1955,8,0.009
1955,9,-0.195
1955,10,-0.06
1955,11,-0.191
1955,12,-0.237
1956,1,-0.111
1956,2,-0.199
1956,3,-0.254
1956,4,-0.262
1956,5,-0.287
1956,6,-0.198
1956,7,-0.164
1956,8,-0.32
1956,9,-0.276
1956,10,-0.24
1956,11,-0.18
1956,12,-0.078
1957,1,-0.125
1957,2,-0.053
1957,3,-0.12
1957,4,-0.011
1957,5,0.091
1957,6,0.147
1957,7,0.005
1957,8,0.113
1957,9,0.056
1957,10,0.04
1957,11,0.081
1957,12,0.205
1958,1,0.326
1958,2,0.219
1958,3,0.052
1958,4,0.021
1958,5,0.055
1958,6,-0.066
1958,7,0.016
1958,8,-0.074
1958,9,-0.096
1958,10,0.003
1958,11,0.07
1958,12,0.075
1959,1,0.083
1959,2,0.041
1959,3,0.131
1959,4,0.157
1959,5,0.053
1959,6,0.057
1959,7,0.039
1959,8,-0.017
1959,9,-0.07
1959,10,-0.038
1959,11,-0.175
1959,12,-0.018
1960,1,-0.046
1960,2,0.102
1960,3,-0.358
1960,4,-0.12
1960,5,-0.131
1960,6,-0.043
1960,7,-0.022
1960,8,0.046
1960,9,0.047
1960,10,0.016
1960,11,-0.15
1960,12,0.145
1961,1,0.068
1961,2,0.207
1961,3,0.079
1961,4,0.118
1961,5,0.125
1961,6,0.104
1961,7,0.015
1961,8,0.021
1961,9,-0.027
1961,10,-0.054
1961,11,-0.017
1961,12,-0.118
1962,1,0.061
1962,2,0.124
1962,3,0.013
1962,4,-0.01
1962,5,-0.13
1962,6,-0.056
1962,7,-0.061
1962,8,-0.099
1962,9,-0.098
1962,10,-0.005
1962,11,-0.038
1962,12,-0.015
1963,1,-0.011
1963,2,0.158
1963,3,-0.159
1963,4,-0.104
1963,5,-0.119
1963,6,-0.079
1963,7,0.058
1963,8,0.19
1963,9,0.164
1963,10,0.207
1963,11,0.101
1963,12,0.013
1964,1,-0.007
1964,2,-0.118
1964,3,-0.261
1964,4,-0.305
1964,5,-0.275
1964,6,-0.102
1964,7,-0.156
1964,8,-0.256
1964,9,-0.311
1964,10,-0.271
1964,11,-0.255
1964,12,-0.264
1965,1,-0.035
1965,2,-0.161
1965,3,-0.215
1965,4,-0.248
1965,5,-0.096
1965,6,-0.077
1965,7,-0.155
1965,8,-0.092
1965,9,-0.157
1965,10,0.005
1965,11,-0.126
1965,12,0.024
1966,1,-0.103
1966,2,-0.023
1966,3,-0.034
1966,4,-0.016
1966,5,-0.096
1966,6,-0.036
1966,7,0.081
1966,8,-0.021
1966,9,-0.008
1966,10,-0.055
1966,11,-0.044
1966,12,-0.097
1967,1,-0.056
1967,2,-0.135
1967,3,-0.001
1967,4,-0.033
1967,5,0.145
1967,6,-0.039
1967,7,-0.011
1967,8,-0.086
1967,9,-0.093
1967,10,0.046
1967,11,-0.061
1967,12,-0.04
1968,1,-0.195
1968,2,-0.118
1968,3,0.089
1968,4,-0.072
1968,5,-0.157
1968,6,-0.077
1968,7,-0.188
1968,8,-0.158
1968,9,-0.228
1968,10,0.087
1968,11,0.056
1968,12,0.021
1969,1,-0.076
1969,2,-0.097
1969,3,0.062
1969,4,0.19
1969,5,0.195
1969,6,0.118
1969,7,-0.051
1969,8,0.032
1969,9,-0.025
1969,10,0.05
1969,11,0.097
1969,12,0.184
1970,1,0.142
1970,2,0.231
1970,3,0.029
1970,4,0.106
1970,5,0.026
1970,6,-0.052
1970,7,-0.067
1970,8,-0.106
1970,9,0.036
1970,10,0.043
1970,11,-0.027
1970,12,-0.067
1971,1,0.044
1971,2,-0.186
1971,3,-0.235
1971,4,-0.098
1971,5,-0.092
1971,6,-0.149
1971,7,-0.122
1971,8,-0.15
1971,9,-0.143
1971,10,-0.113
1971,11,-0.046
1971,12,-0.089
1972,1,-0.243
1972,2,-0.152
1972,3,-0.002
1972,4,0.032
1972,5,0.031
1972,6,0.028
1972,7,-0.039
1972,8,0.104
1972,9,-0.05
1972,10,0.037
1972,11,0.03
1972,12,0.239
1973,1,0.25
1973,2,0.312
1973,3,0.26
1973,4,0.295
1973,5,0.238
1973,6,0.133
1973,7,0.033
1973,8,0.017
1973,9,-0.002
1973,10,0.094
1973,11,0.038
1973,12,0.014
1974,1,-0.205
1974,2,-0.286
1974,3,-0.144
1974,4,-0.067
1974,5,-0.078
1974,6,-0.053
1974,7,-0.083
1974,8,0.07
1974,9,-0.099
1974,10,-0.081
1974,11,-0.068
1974,12,-0.046
1975,1,0.122
1975,2,0.09
1975,3,0.129
1975,4,0.064
1975,5,0.119
1975,6,-0.016
1975,7,-0.059
1975,8,-0.177
1975,9,-0.07
1975,10,-0.07
1975,11,-0.21
1975,12,-0.122
1976,1,-0.033
1976,2,-0.112
1976,3,-0.275
1976,4,-0.094
1976,5,-0.247
1976,6,-0.187
1976,7,-0.059
1976,8,-0.141
1976,9,-0.078
1976,10,-0.179
1976,11,-0.005
1976,12,0.198
1977,1,0.189
1977,2,0.275
1977,3,0.28
1977,4,0.297
1977,5,0.294
1977,6,0.273
1977,7,0.138
1977,8,0.176
1977,9,0.086
1977,10,0.126
1977,11,0.232
1977,12,0.088
1978,1,0.142
1978,2,0.194
1978,3,0.189
1978,4,0.171
1978,5,0.107
1978,6,0.013
1978,7,0.047
1978,8,-0.162
1978,9,0.043
1978,10,0.024
1978,11,0.164
1978,12,0.146
1979,1,0.174
1979,2,0.066
1979,3,0.202
1979,4,0.218
1979,5,0.07
1979,6,0.114
1979,7,0.075
1979,8,0.139
1979,9,0.193
1979,10,0.224
1979,11,0.281
1979,12,0.51
1980,1,0.361
1980,2,0.401
1980,3,0.294
1980,4,0.385
1980,5,0.308
1980,6,0.193
1980,7,0.268
1980,8,0.251
1980,9,0.168
1980,10,0.125
1980,11,0.321
1980,12,0.246
1981,1,0.492
1981,2,0.361
1981,3,0.39
1981,4,0.25
1981,5,0.198
1981,6,0.325
1981,7,0.333
1981,8,0.358
1981,9,0.221
1981,10,0.151
1981,11,0.162
1981,12,0.448
1982,1,0.141
1982,2,0.143
1982,3,-0.014
1982,4,0.164
1982,5,0.188
1982,6,0.078
1982,7,0.125
1982,8,0.072
1982,9,0.123
1982,10,0.158
1982,11,0.147
1982,12,0.426
1983,1,0.523
1983,2,0.48
1983,3,0.337
1983,4,0.299
1983,5,0.313
1983,6,0.2
1983,7,0.155
1983,8,0.316
1983,9,0.336
1983,10,0.212
1983,11,0.313
1983,12,0.21
1984,1,0.243
1984,2,0.16
1984,3,0.258
1984,4,0.187
1984,5,0.292
1984,6,0.045
1984,7,0.05
1984,8,0.127
1984,9,0.137
1984,10,0.056
1984,11,-0.005
1984,12,-0.05
1985,1,0.232
1985,2,0.02
1985,3,0.169
1985,4,0.166
1985,5,0.154
1985,6,0.112
1985,7,0.002
1985,8,0.192
1985,9,0.089
1985,10,0.152
1985,11,0.084
1985,12,0.168
1986,1,0.285
1986,2,0.381
1986,3,0.238
1986,4,0.254
1986,5,0.17
1986,6,0.081
1986,7,0.08
1986,8,0.125
1986,9,0.043
1986,10,0.149
1986,11,0.094
1986,12,0.171
1987,1,0.323
1987,2,0.46
1987,3,0.193
1987,4,0.267
1987,5,0.256
1987,6,0.309
1987,7,0.381
1987,8,0.252
1987,9,0.345
1987,10,0.325
1987,11,0.249
1987,12,0.487
1988,1,0.54
1988,2,0.359
1988,3,0.452
1988,4,0.441
1988,5,0.349
1988,6,0.364
1988,7,0.269
1988,8,0.349
1988,9,0.317
1988,10,0.336
1988,11,0.172
1988,12,0.3
1989,1,0.144
1989,2,0.274
1989,3,0.264
1989,4,0.258
1989,5,0.12
1989,6,0.132
1989,7,0.255
1989,8,0.252
1989,9,0.254
1989,10,0.3
1989,11,0.223
1989,12,0.45
1990,1,0.447
1990,2,0.453
1990,3,0.678
1990,4,0.529
1990,5,0.391
1990,6,0.351
1990,7,0.348
1990,8,0.291
1990,9,0.237
1990,10,0.437
1990,11,0.441
1990,12,0.463
1991,1,0.442
1991,2,0.515
1991,3,0.326
1991,4,0.53
1991,5,0.367
1991,6,0.467
1991,7,0.457
1991,8,0.353
1991,9,0.313
1991,10,0.321
1991,11,0.302
1991,12,0.354
1992,1,0.523
1992,2,0.464
1992,3,0.401
1992,4,0.297
1992,5,0.304
1992,6,0.247
1992,7,0.062
1992,8,0.076
1992,9,-0.039
1992,10,0.093
1992,11,0.031
1992,12,0.254
1993,1,0.432
1993,2,0.401
1993,3,0.381
1993,4,0.299
1993,5,0.262
1993,6,0.238
1993,7,0.239
1993,8,0.127
1993,9,0.138
1993,10,0.248
1993,11,0.104
1993,12,0.27
1994,1,0.293
1994,2,0.081
1994,3,0.38
1994,4,0.396
1994,5,0.341
1994,6,0.398
1994,7,0.273
1994,8,0.225
1994,9,0.264
1994,10,0.422
1994,11,0.435
1994,12,0.377
1995,1,0.524
1995,2,0.708
1995,3,0.437
1995,4,0.417
1995,5,0.295
1995,6,0.415
1995,7,0.469
1995,8,0.466
1995,9,0.322
1995,10,0.438
1995,11,0.405
1995,12,0.31
1996,1,0.27
1996,2,0.491
1996,3,0.308
1996,4,0.347
1996,5,0.28
1996,6,0.245
1996,7,0.307
1996,8,0.381
1996,9,0.201
1996,10,0.195
1996,11,0.287
1996,12,0.412
1997,1,0.383
1997,2,0.461
1997,3,0.484
1997,4,0.424
1997,5,0.371
1997,6,0.546
1997,7,0.402
1997,8,0.443
1997,9,0.522
1997,10,0.642
1997,11,0.643
1997,12,0.645
1998,1,0.632
1998,2,0.916
1998,3,0.597
1998,4,0.692
1998,5,0.658
1998,6,0.658
1998,7,0.676
1998,8,0.675
1998,9,0.416
1998,10,0.459
1998,11,0.369
1998,12,0.575
1999,1,0.494
1999,2,0.666
1999,3,0.338
1999,4,0.365
1999,5,0.28
1999,6,0.338
1999,7,0.286
1999,8,0.267
1999,9,0.328
1999,10,0.335
1999,11,0.334
1999,12,0.457
2000,1,0.303
2000,2,0.524
2000,3,0.467
2000,4,0.552
2000,5,0.358
2000,6,0.365
2000,7,0.301
2000,8,0.392
2000,9,0.335
2000,10,0.243
2000,11,0.297
2000,12,0.294
2001,1,0.483
2001,2,0.462
2001,3,0.615
2001,4,0.584
2001,5,0.533
2001,6,0.495
2001,7,0.508
2001,8,0.458
2001,9,0.468
2001,10,0.467
2001,11,0.649
2001,12,0.552
2002,1,0.774
2002,2,0.769
2002,3,0.82
2002,4,0.621
2002,5,0.589
2002,6,0.474
2002,7,0.562
2002,8,0.494
2002,9,0.55
2002,10,0.523
2002,11,0.524
2002,12,0.467
2003,1,0.745
2003,2,0.645
2003,3,0.587
2003,4,0.568
2003,5,0.546
2003,6,0.458
2003,7,0.511
2003,8,0.566
2003,9,0.573
2003,10,0.665
2003,11,0.494
2003,12,0.75
2004,1,0.632
2004,2,0.756
2004,3,0.629
2004,4,0.625
2004,5,0.378
2004,6,0.373
2004,7,0.29
2004,8,0.441
2004,9,0.494
2004,10,0.578
2004,11,0.691
2004,12,0.493
2005,1,0.697
2005,2,0.568
2005,3,0.712
2005,4,0.685
2005,5,0.577
2005,6,0.6
2005,7,0.569
2005,8,0.536
2005,9,0.633
2005,10,0.706
2005,11,0.673
2005,12,0.645
2006,1,0.507
2006,2,0.692
2006,3,0.577
2006,4,0.504
2006,5,0.427
2006,6,0.588
2006,7,0.484
2006,8,0.636
2006,9,0.525
2006,10,0.594
2006,11,0.581
2006,12,0.742
2007,1,0.936
2007,2,0.672
2007,3,0.613
2007,4,0.709
2007,5,0.607
2007,6,0.542
2007,7,0.555
2007,8,0.502
2007,9,0.473
2007,10,0.523
2007,11,0.487
2007,12,0.434
2008,1,0.266
2008,2,0.337
2008,3,0.684
2008,4,0.504
2008,5,0.462
2008,6,0.447
2008,7,0.523
2008,8,0.441
2008,9,0.504
2008,10,0.618
2008,11,0.588
2008,12,0.496
2009,1,0.621
2009,2,0.547
2009,3,0.504
2009,4,0.599
2009,5,0.571
2009,6,0.638
2009,7,0.681
2009,8,0.633
2009,9,0.626
2009,10,0.603
2009,11,0.635
2009,12,0.627
2010,1,0.735
2010,2,0.783
2010,3,0.831
2010,4,0.822
2010,5,0.712
2010,6,0.626
2010,7,0.607
2010,8,0.607
2010,9,0.532
2010,10,0.617
2010,11,0.64
2010,12,0.441
2011,1,0.481
2011,2,0.46
2011,3,0.508
2011,4,0.601
2011,5,0.488
2011,6,0.594
2011,7,0.676
2011,8,0.672
2011,9,0.504
2011,10,0.558
2011,11,0.456
2011,12,0.535
2012,1,0.395
2012,2,0.435
2012,3,0.486
2012,4,0.671
2012,5,0.695
2012,6,0.629
2012,7,0.567
2012,8,0.615
2012,9,0.627
2012,10,0.691
2012,11,0.668
2012,12,0.46
2013,1,0.653
2013,2,0.641
2013,3,0.581
2013,4,0.535
2013,5,0.589
2013,6,0.627
2013,7,0.567
2013,8,0.652
2013,9,0.647
2013,10,0.606
2013,11,0.778
2013,12,0.64
2014,1,0.691
2014,2,0.451
2014,3,0.678
2014,4,0.79
2014,5,0.763
2014,6,0.668
2014,7,0.581
2014,8,0.78
2014,9,0.751
2014,10,0.718
2014,11,0.577
2014,12,0.754
2015,1,0.812
2015,2,0.846
2015,3,0.854
2015,4,0.772
2015,5,0.786
2015,6,0.781
2015,7,0.721
2015,8,0.791
2015,9,0.813
2015,10,0.975
2015,11,0.922
2015,12,1.119
2016,1,1.079
2016,2,1.201
2016,3,1.213
2016,4,1.072
2016,5,0.889
2016,6,0.767
2016,7,0.771
2016,8,0.913
2016,9,0.785
2016,10,0.761
2016,11,0.742
2016,12,0.806
2017,1,0.947
2017,2,1.053
2017,3,1.061
2017,4,0.904
2017,5,0.866
2017,6,0.68
2017,7,0.759
2017,8,0.804
2017,9,0.701
2017,10,0.806
2017,11,0.711
2017,12,0.802
2018,1,0.744
2018,2,0.724
2018,3,0.824
2018,4,0.832
2018,5,0.756
2018,6,0.713
2018,7,0.722
2018,8,0.709
2018,9,0.679
2018,10,0.863
2018,11,0.728
2018,12,0.852
2019,1,0.924
2019,2,0.898
2019,3,1.062
2019,4,0.949
2019,5,0.763
2019,6,0.753
2019,7,0.846
2019,8,0.841
2019,9,0.811
2019,10,0.939
2019,11,0.882
2019,12,1.04
2020,1,1.155
2020,2,1.175
2020,3,1.086
2020,4,1.059
2020,5,0.893
2020,6,0.825
2020,7,0.845
2020,8,0.863
2020,9,0.857
2020,10,0.781
2020,11,0.91
2020,12,0.72
2021,1,0.751
2021,2,0.595
2021,3,0.788
2021,4,0.752
2021,5,0.729
2021,6,0.758
2021,7,0.825
2021,8,0.812
2021,9,0.824
2021,10,0.908
2021,11,0.848
2021,12,0.798
2022,1,0.875
2022,2,0.798
2022,3,0.892
2022,4,0.817
2022,5,0.746
2022,6,0.863
2022,7,0.817
2022,8,0.828
2022,9,0.754
2022,10,0.872
2022,11,0.655
2022,12,0.774
2023,1,0.818
2023,2,0.921
2023,3,1.125
2023,4,0.954
2023,5,0.856
2023,6,0.981
2023,7,1.141
2023,8,1.214
2023,9,1.326
2023,10,1.259
2023,11,1.272
2023,12,1.231
2024,1,1.206
2024,2,1.25
2024,3,1.226
2024,4,1.227
2024,5,1.093
2024,6,1.13
2024,7,1.149
2024,8,1.257
2024,9,1.138
2024,10,1.182
2024,11,1.169
2024,12,1.138
